label	425	446	485	1581	1582	1592	1682	1688	1691	1795	2729	3254	3815	3827	3866	3896	3908	3911	3944	3989	Category
>VariablePositionArgonExp	C	C	C	A	C	G	C	C	C	C	G	C	G	C	C	G	C	C	G	C	Symbiotic
>ReferenceArgonExp	T	G	T	G	T	T	T	G	T	G	T	T	T	T	T	T	T	T	C	T	Symbiotic
>NS_GCA_001428785.1	T	C	C	G	T	T	C	G	C	G	T	C	T	C	T	G	C	C	G	C	Non-Symbiotic
>NS_GCA_001426785.1	T	C	C	G	T	T	C	G	C	G	T	C	T	C	T	G	C	C	G	C	Non-Symbiotic
>NS_GCA_001429745.1	T	C	C	G	T	T	C	G	C	G	T	C	T	C	T	G	C	C	G	C	Non-Symbiotic
>NS_GCA_001425885.1	T	C	C	G	T	T	C	G	C	G	T	C	T	C	T	G	C	C	G	C	Non-Symbiotic
>NS_GCA_001425225.1	T	C	C	G	T	T	C	G	C	G	T	C	T	C	T	G	C	C	G	C	Non-Symbiotic
>NS_GCA_001424825.1	T	C	C	G	T	T	C	G	C	G	T	C	T	C	T	G	C	C	G	C	Non-Symbiotic
>NS_GCA_001976035.1	T	C	C	G	T	T	C	G	C	G	T	C	T	C	T	G	C	C	G	C	Non-Symbiotic
>NS_GCA_003024455.1	T	C	C	G	T	T	C	G	C	G	T	C	T	C	T	G	C	C	G	C	Non-Symbiotic
>NS_GCA_001270265.1	T	C	C	G	T	T	C	G	C	G	T	C	T	T	T	T	C	C	G	C	Non-Symbiotic
>NS_GCA_001695905.1	T	C	C	G	T	T	T	G	C	G	T	C	T	T	T	T	C	C	G	C	Non-Symbiotic
>NS_GCA_001695865.1	T	C	C	G	T	T	T	G	C	G	T	C	T	T	T	T	C	C	G	C	Non-Symbiotic
>NS_GCA_001695855.1	T	C	C	G	T	T	T	G	C	G	T	C	T	T	T	T	C	C	G	C	Non-Symbiotic
>NS_GCA_002002725.1	T	C	C	G	T	T	C	C	C	G	T	C	T	T	T	G	C	C	G	C	Non-Symbiotic
>NS_GCA_003355565.1	T	C	C	G	T	T	C	G	C	G	T	C	T	T	T	G	C	C	G	C	Non-Symbiotic
>NS_GCA_013283195.1	T	C	C	G	T	T	C	C	C	G	T	C	T	T	T	G	C	C	G	C	Non-Symbiotic
>NS_GCA_001429285.1	T	C	C	G	T	T	C	G	C	G	T	C	G	C	T	G	C	C	C	C	Non-Symbiotic
>NS_GCA_900103435.1	T	C	C	G	T	T	C	G	C	G	T	C	G	C	T	G	C	C	C	C	Non-Symbiotic
>NS_GCA_001429125.1	T	C	C	G	T	T	C	C	C	G	T	T	G	C	T	G	C	C	C	C	Non-Symbiotic
>NS_GCA_001426365.1	T	C	C	G	T	T	C	C	C	G	T	T	G	C	T	G	C	C	C	C	Non-Symbiotic
>NS_GCA_001429005.1	T	C	C	G	T	T	C	C	C	G	T	T	G	C	T	G	C	C	C	C	Non-Symbiotic
>NS_GCA_001426465.1	T	C	C	G	T	T	C	C	C	G	T	T	G	C	T	G	C	C	C	C	Non-Symbiotic
>NS_GCA_003269115.1	T	C	C	G	T	T	C	C	C	G	T	T	G	C	T	G	C	C	C	C	Non-Symbiotic
>NS_GCA_002216665.1	T	C	C	G	T	T	C	C	C	G	T	T	G	C	T	G	C	C	C	C	Non-Symbiotic
>NS_GCA_900103045.1	T	C	C	G	T	T	C	C	C	G	T	T	G	C	T	G	C	C	C	C	Non-Symbiotic
>NS_GCA_000697965.2	T	C	C	G	T	T	C	C	C	G	T	T	G	C	T	G	C	C	C	C	Non-Symbiotic
>NS_GCA_001461695.1	T	C	C	G	T	G	T	T	C	G	G	C	G	T	C	G	C	C	C	C	Non-Symbiotic
>NS_GCA_002197125.1	T	G	T	G	T	T	T	G	T	G	T	C	T	T	T	T	T	T	C	T	Non-Symbiotic
>NS_GCA_002885915.1	T	G	T	G	T	T	T	G	T	G	T	T	T	T	T	T	T	T	C	C	Non-Symbiotic
>NS_GCA_003692735.1	T	G	T	G	T	T	T	G	T	G	T	C	T	T	T	T	T	T	C	T	Non-Symbiotic
>NS_GCA_001427045.1	T	C	C	G	T	T	C	C	C	G	T	T	G	C	T	G	C	C	C	C	Non-Symbiotic
>NS_GCA_001426275.1	T	C	C	G	T	T	C	C	C	G	T	T	G	C	T	G	C	C	C	C	Non-Symbiotic
>NS_GCA_900113205.1	T	C	C	G	T	T	C	C	C	G	T	T	G	C	T	G	C	C	C	C	Non-Symbiotic
>NS_GCA_001695795.1	T	C	C	G	T	T	C	C	C	G	T	C	G	C	T	G	C	C	C	C	Non-Symbiotic
>NS_GCA_001695785.1	T	C	C	G	T	T	C	C	C	G	T	C	G	C	T	G	C	C	C	C	Non-Symbiotic
>NS_GCA_001695835.1	T	C	C	G	T	T	C	C	C	G	T	C	G	C	T	G	C	C	C	C	Non-Symbiotic
>NS_GCA_001695895.1	T	C	C	G	T	T	C	C	C	G	T	C	G	C	T	G	C	C	C	C	Non-Symbiotic
>GCA_002197025.1	T	G	T	G	T	T	T	G	T	G	T	C	T	T	T	T	T	T	C	T	Symbiotic
>GCA_003044215.2	T	G	T	G	T	T	T	G	T	G	T	T	T	T	T	T	T	T	C	T	Symbiotic
>GCA_002197465.1	T	G	T	G	T	T	T	G	T	G	T	C	T	T	T	T	T	T	C	T	Symbiotic
>GCA_000346065.1	T	G	T	G	T	T	T	G	T	G	T	T	T	T	T	T	T	T	C	T	Symbiotic
>GCA_002197165.1	T	G	T	G	T	T	T	G	T	G	T	C	T	T	T	T	T	T	C	T	Symbiotic
>GCA_003034185.1	T	G	T	G	T	T	T	G	T	G	T	T	T	T	T	T	T	T	C	T	Symbiotic
>GCA_000006965.1	T	G	T	G	T	T	T	G	T	G	T	T	T	T	T	T	T	T	C	T	Symbiotic
>GCA_002197065.1	T	G	T	G	T	T	T	G	T	G	T	T	T	T	T	T	T	T	C	T	Symbiotic
>GCA_000747295.1	T	G	T	G	T	T	T	G	T	G	T	C	T	T	T	T	T	T	C	T	Symbiotic
>GCA_002215195.1	T	G	T	G	T	T	T	G	T	G	T	C	T	T	T	T	T	T	C	T	Symbiotic
>GCA_000320385.2	T	G	T	G	T	T	T	G	T	G	T	C	T	T	T	T	T	T	C	T	Symbiotic
>GCA_000147775.3	T	G	T	G	T	T	T	G	T	G	T	C	T	T	T	T	T	T	C	T	Symbiotic
>GCA_900107055.1	T	G	T	G	T	T	T	G	T	G	T	C	T	T	T	T	T	T	C	T	Symbiotic
>GCA_002197145.1	T	G	T	G	T	T	T	G	T	G	T	C	T	T	T	T	T	T	C	T	Symbiotic
>GCA_002302355.1	T	G	T	G	T	T	T	G	T	G	T	T	T	T	T	T	T	T	C	T	Symbiotic
>GCA_002302375.1	T	G	T	G	T	T	T	G	T	G	T	T	T	T	T	T	T	T	C	T	Symbiotic
>GCA_000968555.1	T	G	T	G	T	T	T	G	T	G	T	C	T	T	T	T	T	T	C	T	Symbiotic
>GCA_000304415.1	T	G	T	G	T	T	T	G	T	G	T	C	T	T	T	T	T	T	C	T	Symbiotic
>GCA_003044175.2	T	G	T	G	T	T	T	G	T	G	T	C	T	T	T	T	T	T	C	T	Symbiotic
>GCA_000236945.2	T	G	T	G	T	T	T	G	T	G	T	C	T	T	T	T	T	T	C	T	Symbiotic
>GCA_002197085.1	T	G	T	G	T	T	T	G	T	G	T	C	T	T	T	T	T	T	C	T	Symbiotic
>GCA_900108935.1	T	G	T	G	T	T	T	G	T	G	T	C	T	T	T	T	T	T	C	T	Symbiotic
>GCA_001050915.2	T	G	T	G	T	T	T	G	T	G	T	C	T	T	T	T	T	T	C	T	Symbiotic
>GCA_000218265.1	T	G	T	G	T	T	T	G	T	G	T	C	T	T	T	T	T	T	C	T	Symbiotic
>GCA_002197445.1	T	G	T	G	T	T	T	G	T	G	T	C	T	T	T	T	T	T	C	T	Symbiotic
>GCA_002197105.1	T	G	T	G	T	T	T	G	T	G	T	C	T	T	T	T	T	T	C	C	Symbiotic
>GCA_002885935.1	T	G	T	G	T	T	T	G	T	G	T	T	T	T	T	T	T	T	C	C	Symbiotic
>GCA_002807095.1	T	G	T	G	T	T	T	G	T	G	T	C	T	T	T	T	T	T	C	C	Symbiotic
>GCA_002865005.1	A	C	T	G	T	C	T	G	T	G	T	C	G	T	T	G	T	C	C	C	Symbiotic
>GCA_002865185.1	A	C	T	G	T	C	T	G	T	G	T	C	G	T	T	G	T	C	C	C	Symbiotic
>GCA_002865155.1	A	C	T	G	T	C	T	G	T	G	T	C	G	T	T	G	T	C	C	C	Symbiotic
>GCA_002865045.1	A	C	T	G	T	C	T	G	T	G	T	C	G	T	T	G	T	C	C	C	Symbiotic
>GCA_002864945.1	A	C	T	G	T	C	T	G	T	G	T	C	G	T	T	G	T	C	C	C	Symbiotic
>GCA_002864985.1	A	C	T	G	T	C	T	G	T	G	T	C	G	T	T	G	T	C	C	C	Symbiotic
>GCA_002865125.1	A	C	T	G	T	C	T	G	T	G	T	C	G	T	T	G	T	C	C	C	Symbiotic
>GCA_000017145.1	A	C	T	G	T	C	T	G	T	G	T	C	G	T	T	G	T	C	C	C	Symbiotic
>GCA_002865265.1	A	C	T	G	T	C	T	G	T	G	T	C	G	T	T	G	T	C	C	C	Symbiotic
>GCA_001651865.1	T	C	C	G	T	G	T	C	C	G	T	C	G	C	C	G	C	C	C	C	Symbiotic
>GCA_000283895.1	T	C	C	G	T	G	T	T	C	G	G	C	G	T	C	G	C	C	C	C	Symbiotic
>GCA_002531965.1	T	C	C	G	T	G	T	T	C	G	G	C	G	T	C	G	C	C	C	C	Symbiotic
>GCA_000018545.1	T	T	C	G	T	G	T	C	C	G	G	C	G	T	C	G	C	C	C	C	Symbiotic
>GCA_001651855.1	T	C	C	G	T	G	T	C	T	G	T	C	G	C	C	G	C	C	C	C	Symbiotic
>GCA_001889105.1	T	C	C	G	T	G	T	C	T	G	T	C	G	C	C	G	C	C	C	C	Symbiotic
>GCA_002944405.1	T	C	C	G	T	C	T	C	T	G	T	C	G	T	C	G	C	C	C	C	Symbiotic
>GCA_002909075.1	T	C	C	G	T	C	T	C	T	G	T	C	G	T	C	G	C	C	C	C	Symbiotic
>GCA_002531875.1	T	C	C	G	T	C	T	C	T	G	T	C	G	T	C	G	C	C	C	C	Symbiotic
>GCA_002909045.1	T	C	C	G	T	C	T	C	T	G	T	C	G	T	C	G	C	C	C	C	Symbiotic
>GCA_002532005.1	T	C	C	G	T	C	T	C	T	G	T	C	G	T	C	G	C	C	C	C	Symbiotic
>GCA_000265205.2	T	C	C	G	T	C	T	C	T	G	G	T	G	C	C	G	C	C	C	C	Symbiotic
>GCA_002531555.1	T	C	C	G	T	C	T	C	T	G	G	T	G	C	C	G	C	C	C	C	Symbiotic
>GCA_001651875.1	C	C	C	G	T	T	T	C	T	G	G	C	G	C	C	G	C	C	C	C	Symbiotic
>GCA_001723275.1	T	C	C	G	T	T	T	C	T	G	T	C	G	T	C	T	C	T	C	C	Symbiotic
>GCA_001854885.1	T	C	C	G	T	T	T	C	T	G	T	C	G	T	C	C	C	T	C	C	Symbiotic
>GCA_013283645.1	T	C	C	G	T	T	T	C	C	G	T	C	T	T	T	G	C	C	C	C	Symbiotic
>GCA_013283665.1	T	C	C	G	T	T	C	C	C	G	T	C	G	C	T	G	C	C	C	C	Symbiotic
